id,DOB_partner_man,DOB_partner_woman,Divorce_date,Date_of_marriage
1,1976-12-02,1980-01-03,1/2/08,3/6/06
2,1976-11-17,1977-03-13,1/2/08,9/2/01
3,1973-01-31,1970-11-05,1/2/11,10/10/98
4,1971-10-03,1972-03-30,1/3/05,28/6/93
5,1984-03-09,1988-03-26,1/3/11,24/10/07
6,1981-09-25,1979-06-06,1/3/13,8/2/08
7,1981-08-08,1984-03-02,1/4/02,13/2/01
8,2068-05-09,2067-06-07,1/4/02,26/5/89
9,1977-12-17,1975-08-07,1/4/03,15/4/96
10,1975-12-26,1984-01-27,1/4/03,3/11/99
11,2067-06-18,2066-11-18,1/6/00,26/7/97
12,2066-09-16,2066-09-16,1/6/01,27/1/96
13,2066-03-21,1976-06-10,1/6/04,14/10/00
14,1970-04-03,1977-11-20,1/6/04,28/11/98
15,1972-11-27,1976-07-01,1/6/07,13/8/05
16,1989-10-19,1986-05-25,1/6/10,16/2/09
17,1979-04-22,1973-03-14,1/6/11,26/1/10
18,1978-04-10,1977-01-07,1/6/11,15/8/09
19,1985-08-04,1985-12-04,1/6/12,16/7/09
20,2056-10-03,2051-06-06,1/7/02,22/2/85
21,1970-06-24,1971-07-12,1/7/03,12/4/91
22,1970-01-29,1976-03-18,1/7/04,6/1/96
23,1977-10-02,1982-06-03,1/7/09,25/4/08
24,1985-11-20,1984-09-18,1/7/11,4/2/09
25,2065-01-05,2062-09-30,1/8/00,4/9/92
26,2063-04-08,1972-08-25,1/8/00,27/5/95
27,1971-03-13,1970-06-07,1/8/03,14/5/92
28,2067-02-26,2066-03-22,1/8/03,12/5/89
29,2065-12-17,2064-05-07,1/8/08,8/3/97
30,1982-10-09,1988-02-04,1/8/12,2/2/11
31,1972-11-17,1976-10-29,1/9/00,19/12/94
32,1976-02-12,1987-11-26,1/10/09,13/1/06
33,1982-03-08,1982-10-11,1/10/10,16/2/08
34,2060-03-29,2062-06-18,1/11/00,27/12/80
35,1980-02-08,1980-02-12,1/11/13,8/12/06
36,2067-01-03,2067-03-10,1/12/04,20/12/91
37,1976-04-21,1975-07-08,1/12/04,6/5/02
38,2068-12-14,2067-04-07,2/1/02,13/7/96
39,1973-12-11,1976-04-25,2/1/04,3/11/00
40,1981-02-02,1984-11-20,2/1/09,8/12/07
41,1969-04-22,2068-05-02,2/2/01,22/2/99
42,2060-10-09,1973-03-30,2/3/01,31/12/99
43,1971-12-27,1977-01-29,2/3/04,31/7/98
44,1972-02-21,1974-10-16,2/3/04,27/11/98
45,2061-02-28,2063-04-04,2/3/04,30/5/86
46,1979-12-08,1983-10-10,2/3/04,24/1/00
47,1987-11-22,1986-04-19,2/3/12,21/8/10
48,2047-07-14,2045-01-26,2/4/01,27/11/92
49,2063-11-02,2063-05-19,2/4/01,29/9/90
50,1972-09-23,1972-01-12,2/4/04,17/6/94
51,1977-01-20,1980-03-19,2/4/08,18/11/05
52,2064-09-13,2066-08-21,2/5/00,3/9/88
53,1970-06-16,2068-12-19,2/5/01,24/10/87
54,2054-06-14,2056-10-25,2/5/02,27/12/77
55,1972-10-23,1972-03-15,2/5/02,19/2/99
56,1977-10-06,1976-12-20,2/5/02,12/2/01
57,1969-02-22,2067-09-15,2/5/03,16/12/94
58,2068-04-11,2058-10-08,2/5/03,15/2/91
59,2068-05-13,1973-03-06,2/5/03,13/7/96
60,2065-04-21,2067-03-26,2/5/05,21/12/91
61,1974-09-09,1986-11-10,2/5/11,16/1/09
62,1982-03-02,1984-12-26,2/5/12,3/8/07
63,2049-09-02,2057-08-26,2/6/04,23/6/78
64,2055-02-18,1971-03-02,2/6/04,4/9/98
65,2068-06-24,2064-12-12,2/7/01,6/8/88
66,2041-07-05,2065-01-08,2/7/01,19/2/93
67,1974-02-04,1971-01-09,2/7/04,10/2/96
68,1970-02-21,1971-08-04,2/7/04,20/8/93
69,1969-05-31,1977-10-09,2/7/09,20/3/96
70,1976-04-07,1976-12-21,2/8/10,8/3/02
71,2065-11-09,1970-05-26,2/9/03,10/9/99
72,2066-01-07,1969-02-02,2/9/03,19/9/89
73,1970-11-13,1972-01-04,2/10/01,25/2/95
74,1974-10-17,1976-05-25,2/10/09,15/4/96
75,1969-11-13,1970-10-24,3/1/01,15/2/93
76,2060-01-04,2063-07-23,3/1/02,1/8/92
77,2047-07-14,2050-06-03,3/1/05,15/2/75
78,1969-08-08,1976-05-10,3/2/04,3/8/00
79,2036-11-16,2056-02-05,3/2/05,30/5/75
80,2064-01-21,2067-09-22,3/2/06,16/7/04
81,1977-07-05,1982-11-23,3/2/06,11/11/02
82,2062-09-16,1973-10-20,3/2/09,7/3/03
83,1984-10-16,1980-12-03,3/2/10,10/12/07
84,2067-12-02,1969-05-29,3/3/04,14/7/92
85,2054-11-24,2060-05-14,3/3/04,7/6/86
86,1976-12-27,1976-08-21,3/4/02,13/9/97
87,1970-03-26,1970-07-30,3/4/02,20/4/96
88,2054-09-25,2059-07-28,3/4/02,25/6/91
89,1972-05-03,1975-07-10,3/4/03,21/4/98
90,2065-03-29,1969-08-22,3/4/03,25/6/94
91,2066-03-06,1975-10-30,3/4/08,8/9/01
92,2068-02-26,1972-12-02,3/5/00,7/9/94
93,1979-03-09,1979-08-08,3/5/01,18/10/99
94,1971-07-11,1972-10-27,3/5/02,27/2/99
95,1979-10-11,1977-02-07,3/5/02,17/12/99
96,2058-05-12,2063-11-04,3/5/02,17/12/84
97,1974-10-10,1977-05-20,3/5/11,5/9/09
98,1970-08-22,1971-12-31,3/6/02,30/12/92
99,2067-09-20,2067-02-27,3/6/02,8/6/91
100,1971-06-29,1977-06-04,3/6/02,18/10/96
101,1976-02-13,1980-08-19,3/6/09,26/12/07
102,2047-05-12,2053-06-30,3/7/01,21/9/74
103,1973-04-26,1972-06-09,3/7/01,10/10/98
104,1969-07-12,1972-08-18,3/7/03,28/8/00
105,2065-01-28,1986-10-15,3/7/09,23/8/07
106,1977-01-21,1980-02-18,3/9/01,20/3/00
107,1975-01-17,1974-11-27,3/9/02,16/9/00
108,2048-02-06,2050-09-30,3/9/02,17/3/70
109,1979-09-10,1979-12-26,3/9/03,18/4/97
110,1970-09-05,1974-04-04,3/9/07,30/10/90
111,2063-03-08,2067-05-09,3/9/08,14/9/98
112,2061-10-22,2063-06-06,3/10/01,30/7/85
113,2063-02-04,2061-05-13,3/10/01,5/6/82
114,2054-10-02,2060-05-06,3/10/01,11/2/78
115,1979-02-20,1978-11-03,3/10/11,23/12/05
116,2064-08-17,2064-08-03,3/11/04,19/3/88
117,2064-07-04,1977-08-13,3/11/04,9/10/03
118,2062-06-24,2061-06-22,3/11/09,22/12/07
119,1980-04-12,1987-07-17,3/11/11,18/12/08
120,2049-08-28,2052-09-04,3/12/01,16/3/74
121,2054-08-04,2051-06-27,3/12/01,23/1/76
122,2061-01-06,2066-03-21,3/12/01,16/4/88
123,2059-03-05,2067-02-23,3/12/03,19/2/86
124,2057-09-20,2053-08-23,3/12/04,17/12/81
125,1980-06-11,1982-07-29,3/12/09,29/3/08
126,1986-12-19,1988-08-20,3/12/10,20/7/07
127,2064-04-11,1970-01-05,4/1/02,2/9/93
128,2067-04-25,1972-01-13,4/1/10,31/3/98
129,1978-04-22,2066-04-29,4/1/11,9/4/07
130,1979-01-22,1987-06-07,4/1/11,17/4/09
131,2045-02-28,2048-01-08,4/2/02,19/7/73
132,1970-09-24,1970-12-04,4/2/02,11/7/97
133,2063-03-17,2066-03-20,4/2/02,12/8/89
134,1971-11-23,1976-03-22,4/2/03,3/3/01
135,2044-09-23,2060-01-26,4/2/03,9/10/92
136,2059-01-21,2066-12-04,4/2/05,4/12/03
137,1978-06-13,1969-03-18,4/2/05,23/7/03
138,2048-12-10,2052-09-18,4/2/05,9/4/72
139,2068-06-17,1972-03-08,4/3/02,22/12/00
140,2067-09-30,2067-10-19,4/3/04,3/9/90
141,2062-03-20,1976-04-13,4/3/04,31/3/99
142,2062-03-20,2061-03-06,4/3/04,5/1/85
143,1976-04-03,1975-01-17,4/4/02,21/8/98
144,1981-01-14,1981-12-30,4/4/08,23/7/03
145,1984-05-17,1983-12-23,4/4/13,22/12/11
146,2063-03-08,2063-05-16,4/5/01,17/8/98
147,2056-09-20,2060-06-02,4/5/06,17/12/04
148,1976-06-16,1980-09-09,4/5/10,2/9/06
149,2068-10-24,2068-10-29,4/6/02,27/10/90
150,2064-04-02,2056-12-27,4/6/02,12/11/91
151,1972-06-04,2061-05-13,4/6/03,21/12/91
152,2068-02-20,1970-10-12,4/6/04,14/10/92
153,2058-01-12,2060-02-09,4/7/00,27/8/82
154,2064-12-03,2059-08-29,4/7/03,10/8/90
155,2068-12-30,2067-08-18,4/7/03,26/1/96
156,1984-08-21,1980-07-11,4/7/07,10/2/06
157,2049-09-09,2054-10-25,4/7/11,17/12/09
158,1979-04-08,1976-02-05,4/7/11,18/7/97
159,2062-01-02,2061-10-29,4/8/00,15/12/94
160,2055-07-21,2055-04-07,4/8/00,7/1/89
161,2063-02-08,2064-06-08,4/8/03,11/3/85
162,2066-05-01,2065-02-04,4/8/03,17/11/89
163,1979-01-02,1973-02-04,4/8/03,17/6/00
164,2065-03-05,2066-03-15,4/8/04,12/8/94
165,1985-01-08,1985-05-17,4/8/11,14/5/10
166,2054-03-13,2058-02-01,4/9/00,4/11/78
167,2050-10-29,2046-09-07,4/9/01,12/7/76
168,1978-09-05,1980-10-03,4/9/01,21/7/00
169,2048-11-03,2059-08-03,4/9/03,30/5/90
170,1976-05-15,1977-06-16,4/9/03,24/3/97
171,1980-11-03,1973-04-15,4/9/08,13/10/06
172,1974-07-16,1983-07-11,4/9/08,19/12/03
174,2068-12-11,2066-09-18,4/10/02,16/3/00
175,2059-09-30,2067-05-19,4/10/02,9/4/99
176,2051-09-10,2052-04-26,4/10/02,26/7/01
177,2050-01-18,2054-06-23,4/11/02,21/1/77
178,2062-10-01,2056-10-04,4/11/02,10/2/00
179,1977-07-30,1981-03-15,4/11/03,20/12/96
180,1972-06-20,1976-09-23,4/11/09,7/7/06
181,1982-09-13,1987-11-25,4/11/11,8/5/08
182,2061-12-13,2065-01-09,4/12/00,11/7/87
183,2054-08-12,1974-01-30,4/12/01,10/12/93
184,1978-11-05,1982-02-24,4/12/02,14/12/98
185,1981-04-02,1982-02-03,4/12/03,24/9/01
186,2068-01-27,2068-11-06,4/12/03,20/12/96
187,2067-06-30,1969-07-06,4/12/03,15/12/87
188,1974-11-21,1981-11-02,4/12/07,28/1/06
189,1978-08-13,1980-11-14,5/2/09,12/2/00
190,2060-12-29,2064-04-30,5/3/03,21/12/85
191,2057-03-15,2066-05-15,5/3/03,21/8/87
192,1974-04-14,1973-09-20,5/3/03,19/8/99
193,2068-11-22,1972-05-20,5/3/03,25/8/94
194,1971-01-31,1972-07-26,5/3/03,24/5/97
195,2063-10-06,2067-04-01,5/3/04,2/5/95
196,2054-07-30,2059-07-04,5/3/04,21/7/75
197,2056-10-31,2054-06-22,5/3/04,31/8/95
198,2060-07-28,2061-01-24,5/4/02,14/7/83
199,2046-02-24,2047-07-27,5/4/02,15/9/70
200,1973-02-01,1972-06-03,5/5/14,8/5/10
201,2054-10-03,2051-04-06,5/6/01,7/12/74
202,1972-06-26,1977-10-23,5/6/01,1/12/95
203,2056-05-02,2067-01-24,5/6/02,18/1/82
204,2063-12-09,2068-06-23,5/6/02,18/12/89
205,2041-03-21,2046-03-26,5/6/02,6/5/74
206,2062-04-11,2063-12-06,5/6/03,28/6/86
207,1976-07-25,1972-11-13,5/6/08,24/11/04
208,1988-06-20,1992-09-03,5/6/14,14/1/10
209,1977-08-15,1971-07-16,5/7/02,14/2/96
210,2065-04-14,1972-09-11,5/7/02,19/12/97
211,2060-02-13,2061-04-28,5/7/02,9/1/93
212,1970-08-18,1978-02-13,5/7/02,11/8/94
213,1973-11-01,1972-12-11,5/7/13,28/6/10
214,2056-08-26,2056-03-19,5/8/02,23/2/85
215,1973-01-15,1973-12-23,5/8/03,4/5/01
216,1971-06-21,1977-05-02,5/8/03,6/11/98
217,2046-05-05,2060-12-02,5/8/04,14/1/78
218,2054-04-25,2058-12-20,5/9/00,26/10/79
219,1969-08-10,1976-02-03,5/9/03,5/10/95
220,2066-04-17,1971-05-02,5/9/03,5/3/96
221,2058-02-14,2059-01-24,5/9/03,14/5/79
222,1985-08-10,1989-10-19,5/9/08,6/10/06
223,1977-04-12,1977-06-02,5/9/12,21/1/11
224,1985-06-03,1988-04-06,5/9/12,14/4/07
225,2062-06-06,2064-02-21,5/10/01,14/2/91
226,1978-04-18,1973-07-23,5/10/10,27/12/04
227,2046-03-23,2051-09-22,5/10/11,11/4/08
228,2053-05-28,2057-05-29,5/11/01,29/2/88
229,1974-01-29,1976-07-21,5/11/01,12/7/96
230,1973-06-01,1976-09-11,5/12/00,21/12/95
231,2067-01-15,1971-03-20,5/12/01,13/9/97
232,1973-04-21,1978-05-03,6/1/04,17/11/00
233,1969-05-24,1971-02-28,6/2/02,8/4/96
234,2068-07-22,1969-03-24,6/2/02,19/7/95
235,1971-07-03,1975-03-28,6/2/02,16/7/93
236,1971-01-18,1972-06-21,6/2/03,11/3/96
237,1971-06-27,1974-04-20,6/2/04,9/8/95
238,1975-03-08,1977-02-22,6/2/04,27/7/02
239,2047-10-19,2067-12-05,6/2/09,19/10/06
240,1974-10-30,1978-12-04,6/3/02,6/1/00
241,2063-12-23,1970-09-19,6/3/03,19/7/93
242,1969-01-20,1981-09-30,6/3/06,26/12/02
243,1987-03-02,1988-08-13,6/3/15,8/9/12
244,2068-11-14,1970-07-01,6/4/04,18/12/98
245,2068-11-10,2068-06-19,6/4/04,5/1/90
246,2046-07-15,2040-03-20,6/4/04,22/3/73
247,1970-11-04,1977-01-16,6/4/09,6/7/96
248,2065-10-25,1974-09-01,6/5/02,12/8/94
249,2066-11-03,2062-02-26,6/5/02,29/6/85
250,2066-07-26,2064-02-08,6/5/04,8/12/89
251,1972-09-12,1980-11-11,6/5/04,7/5/95
252,1969-11-06,1976-12-06,6/5/05,26/8/02
253,1982-10-28,1982-05-20,6/5/10,12/7/07
254,1975-10-11,1986-07-18,6/5/14,3/11/12
255,2051-03-26,2057-10-12,6/6/03,14/12/83
256,2061-03-05,1969-10-24,6/6/03,21/7/94
257,2043-07-24,2045-04-24,6/6/05,26/9/69
258,2065-12-03,1969-10-21,6/6/11,20/3/99
259,2045-01-25,2056-08-20,6/7/01,9/9/92
260,2048-11-15,2049-02-16,6/7/01,17/10/70
261,1970-02-20,2063-12-24,6/8/01,26/9/92
262,1972-08-08,1973-03-08,6/8/02,9/8/91
263,2058-11-25,2058-09-18,6/8/03,7/12/85
264,1971-07-29,1977-07-03,6/8/04,7/12/02
265,1979-08-21,1977-09-05,6/8/04,25/11/02
266,1978-08-23,1975-11-24,6/8/07,5/11/01
267,1980-03-22,1980-12-28,6/8/08,13/3/98
268,2054-11-03,2053-03-03,6/9/00,12/2/77
269,1975-06-30,1975-09-29,6/9/02,24/11/00
270,1977-09-03,1977-01-01,6/9/02,19/5/00
271,1970-09-28,1976-10-11,6/9/02,26/12/98
272,1975-04-08,1976-08-05,6/9/07,24/8/01
273,2054-08-05,2054-10-29,6/10/03,5/7/75
274,1973-04-02,1975-07-16,6/10/04,31/12/99
275,1983-01-14,1982-06-05,6/10/04,26/9/02
276,1972-12-07,1973-01-20,6/11/00,13/6/94
277,2068-10-27,1977-04-28,6/11/01,7/1/98
278,1972-02-07,1975-04-06,6/11/01,11/11/95
279,2062-03-14,1971-03-18,6/11/01,24/7/98
280,2050-10-04,2058-03-02,6/11/02,22/3/73
281,2060-05-18,2064-12-31,6/11/03,13/8/97
282,1970-08-16,1971-06-21,6/12/00,2/12/95
283,2043-01-02,2054-01-30,6/12/00,2/1/81
284,2057-11-19,2065-07-10,6/12/00,29/12/93
285,2065-08-12,2067-05-09,6/12/01,2/2/90
286,2068-01-24,2066-05-07,6/12/02,17/6/94
287,2059-02-17,2064-03-19,6/12/02,30/11/84
288,1973-11-01,1973-05-30,6/12/02,29/11/93
289,1969-07-30,1971-08-15,6/12/02,30/10/89
290,1982-11-24,1989-06-21,6/12/12,20/8/10
291,2067-12-03,2067-07-27,7/1/03,20/7/92
292,1973-05-06,1981-09-13,7/1/08,14/10/05
293,2062-08-29,1969-10-31,7/2/02,13/5/85
294,1971-12-10,1971-04-07,7/2/03,22/5/98
295,1979-09-04,1970-04-09,7/2/06,16/12/04
296,1976-05-30,1976-01-22,7/2/06,2/12/96
297,2059-05-18,2063-01-06,7/3/01,25/6/94
298,1973-02-20,1973-12-04,7/3/02,22/8/96
299,1974-12-16,1975-02-14,7/3/02,18/12/98
300,1973-05-02,1973-06-29,7/3/03,16/12/98
301,2062-10-30,2061-02-05,7/3/03,16/12/91
302,1975-09-04,1973-12-26,7/3/03,19/6/97
303,2064-01-11,2066-04-13,7/4/04,17/6/86
304,2054-12-24,2060-12-27,7/4/04,15/1/79
306,2055-05-19,2058-02-13,7/4/04,18/10/80
307,1975-03-06,1978-07-31,7/4/04,20/2/99
308,2053-06-26,2068-02-05,7/4/10,22/12/08
309,1982-02-27,1986-03-30,7/4/11,17/12/09
310,2052-02-19,2061-12-20,7/5/02,26/9/81
311,1971-10-25,1977-05-13,7/5/02,10/11/98
312,2063-06-07,1978-07-16,7/5/02,22/3/95
313,1972-06-25,1971-02-10,7/5/03,18/2/93
314,2056-08-30,2057-10-29,7/5/04,17/8/91
315,1975-03-31,1977-03-15,7/5/04,24/5/97
316,2049-03-13,2051-04-27,7/5/04,17/12/73
317,1974-03-06,1970-11-04,7/5/10,26/5/05
318,2040-07-17,2043-03-12,7/6/02,29/8/69
319,1972-11-14,1977-08-15,7/6/02,27/12/95
320,2058-11-25,2061-05-19,7/6/04,25/4/87
321,2060-07-30,2066-09-18,7/6/04,26/7/84
322,1981-08-17,1983-10-11,7/6/11,22/10/07
323,1981-04-18,1982-11-24,7/6/12,18/12/10
324,2067-05-05,1969-09-02,7/7/00,20/12/92
325,2066-03-16,2065-03-27,7/7/00,13/8/98
326,1969-03-08,2065-05-21,7/7/03,11/10/93
327,2046-08-24,2052-11-08,7/7/03,17/12/88
328,2064-08-28,1970-04-08,7/7/04,16/7/99
329,2065-10-01,1974-06-15,7/8/00,18/8/95
330,2065-01-14,1980-04-19,7/8/09,13/6/08
331,1975-10-28,1986-09-06,7/8/09,10/2/05
332,1982-11-15,1982-11-13,7/8/13,22/5/10
333,2063-04-20,2063-04-03,7/9/00,23/4/94
334,2061-07-23,2064-10-09,7/9/00,11/4/90
335,2056-09-27,2062-12-18,7/9/01,4/7/81
336,1987-09-27,1989-10-19,7/9/12,16/12/09
337,2066-02-21,2063-09-20,7/10/03,9/3/87
338,2059-08-07,2062-05-15,7/10/03,4/2/87
339,1970-01-27,1976-09-01,7/10/03,17/1/98
340,2055-12-13,2068-04-20,7/10/03,16/12/89
341,1973-07-26,1975-05-10,7/10/04,27/1/01
342,2056-08-06,2062-03-28,7/11/00,20/12/96
343,1974-04-01,1975-04-07,7/11/01,31/5/95
344,1972-04-08,1970-05-04,7/11/02,12/8/00
345,1980-09-03,1982-08-13,7/11/08,7/7/06
346,1969-09-17,1980-07-07,7/11/13,9/12/02
347,1974-12-28,1975-10-27,7/12/01,26/12/97
348,2067-02-15,1975-02-15,7/12/04,4/6/93
349,1974-11-24,1976-06-25,7/12/09,7/12/00
350,1987-09-02,1986-05-20,7/12/10,10/2/06
351,2057-09-26,2060-09-14,8/2/01,24/7/82
352,2055-04-18,2061-11-16,8/2/02,10/12/83
353,1976-01-26,1981-03-17,8/2/02,4/8/97
354,1972-06-03,1971-12-12,8/2/02,2/10/98
355,2065-03-05,2068-08-29,8/2/06,26/7/02
356,2061-06-30,2063-04-26,8/3/02,11/4/92
357,1970-09-10,1982-10-09,8/3/02,1/2/01
358,1974-04-13,1979-11-23,8/3/05,21/12/01
359,2047-08-28,2049-09-07,8/4/03,16/5/73
360,1977-04-02,1982-06-11,8/4/09,28/7/07
361,2063-03-21,1969-01-10,8/4/10,19/12/92
362,2065-10-03,2068-07-11,8/4/10,24/4/90
363,2050-05-18,2058-08-02,8/5/00,1/7/74
364,1975-08-12,1976-08-07,8/5/00,16/12/96
365,2059-03-16,2062-10-13,8/5/03,31/8/82
366,1981-03-24,1983-04-09,8/5/12,7/2/11
367,1979-08-03,1979-08-05,8/5/13,20/8/04
368,1978-09-11,1978-08-08,8/6/01,17/12/97
369,1976-03-29,1978-04-28,8/6/04,2/1/97
370,1972-06-30,1972-02-03,8/7/03,20/12/97
371,1970-08-18,1974-11-12,8/8/03,2/2/98
372,1976-06-05,1979-11-21,8/8/11,21/7/09
373,2051-09-01,1986-11-12,8/8/12,15/3/08
374,2062-01-30,2064-08-04,8/9/04,22/12/82
375,2058-09-10,2051-01-24,8/10/01,16/3/91
376,2064-02-10,2064-07-21,8/10/02,11/11/87
377,2064-08-05,2068-12-30,8/10/04,29/6/02
378,2058-02-11,1975-01-12,8/10/14,18/12/09
379,2067-03-03,1971-06-03,8/11/01,3/6/89
380,2064-09-22,2068-04-09,8/11/02,23/11/96
381,2059-02-12,2059-05-06,8/11/02,1/8/81
382,2059-03-23,2054-10-02,8/11/02,5/10/85
383,1972-09-29,1970-11-08,8/11/02,7/12/92
384,1970-01-04,2066-05-21,8/12/00,28/2/98
385,2061-11-09,2061-02-10,9/1/01,8/8/92
386,2064-02-26,1979-05-10,9/2/05,10/2/00
387,2061-07-04,1975-05-21,9/2/10,18/3/00
388,1974-06-02,1982-08-08,9/2/11,15/12/09
389,1980-02-01,1978-02-09,9/2/11,22/4/06
390,1977-03-16,1975-10-01,9/3/05,24/2/99
391,1971-07-29,1971-08-12,9/4/01,25/5/96
392,2064-05-30,2062-11-14,9/4/01,27/6/85
393,2060-11-02,2065-01-29,9/4/01,10/9/83
395,2055-04-12,2062-11-23,9/4/03,29/12/88
396,2043-01-04,2048-01-22,9/4/03,19/12/70
397,2058-04-25,2059-04-16,9/4/13,10/2/12
398,2068-11-22,2064-03-26,9/5/01,26/12/97
399,2068-09-29,1971-05-24,9/5/01,10/7/99
400,1973-10-05,1972-08-23,9/5/02,28/5/92
401,1977-10-15,1979-12-25,9/5/02,1/9/97
403,1969-07-06,1972-10-09,9/5/05,22/6/90
404,1969-06-02,1972-08-05,9/7/02,7/8/99
405,1970-09-29,1970-08-29,9/7/03,21/12/95
406,2059-02-01,1977-02-26,9/7/03,24/4/99
407,1974-12-27,1974-01-14,9/7/10,19/12/04
408,1972-06-11,1979-06-14,9/7/14,9/6/06
409,1982-03-01,1986-01-22,9/7/14,25/6/12
410,2062-03-22,2056-07-06,9/8/02,15/1/83
411,2065-06-29,1971-12-21,9/8/04,20/9/02
412,1978-09-20,1979-03-21,9/8/10,3/3/07
413,1973-12-26,1977-01-21,9/8/11,22/7/03
414,1983-05-29,1982-02-17,9/8/12,2/10/10
415,1975-08-28,1976-03-15,9/9/02,8/12/99
416,1969-10-04,2067-10-08,9/10/01,30/6/92
417,2055-06-14,2056-05-14,9/10/02,15/12/79
418,1977-10-29,1976-09-25,9/10/08,5/11/05
419,1972-12-27,1972-10-02,9/10/09,28/7/06
420,2068-05-05,2063-03-13,9/10/09,18/10/04
421,1980-10-07,1980-05-12,9/10/12,23/12/09
422,2053-01-19,2067-04-16,9/10/12,11/2/11
423,1978-07-21,1972-04-02,9/11/00,15/1/99
424,2060-08-02,2066-05-15,9/11/01,22/12/87
425,1970-12-08,1973-05-13,9/12/03,20/3/97
426,2056-09-17,2060-02-02,9/12/03,15/8/79
427,1983-08-31,1981-12-10,9/12/13,10/7/09
428,1988-04-14,1988-08-19,9/12/14,25/5/13
429,2067-11-08,2066-10-17,10/2/04,16/4/97
430,1973-08-08,1978-02-13,10/2/12,22/1/10
431,2067-09-15,1970-12-18,10/3/05,24/9/94
432,1981-07-06,1985-04-13,10/3/06,23/7/04
433,1973-09-23,1969-06-28,10/3/10,24/11/02
434,1970-02-04,2068-10-17,10/4/02,2/12/98
435,2062-05-08,2060-07-22,10/4/02,11/9/93
436,2066-07-29,2064-02-09,10/4/02,29/7/91
437,1972-01-22,2068-10-25,10/4/06,20/12/97
438,1974-04-23,1976-08-07,10/6/02,12/7/96
439,1971-08-30,1970-12-23,10/6/03,20/12/97
440,1970-04-25,1970-12-12,10/6/09,20/12/96
441,1969-01-04,1973-08-06,10/7/02,13/12/00
442,2062-02-21,2059-12-12,10/7/02,28/3/87
443,1978-02-01,1979-01-06,10/7/03,16/12/00
444,2057-05-31,2057-08-25,10/7/03,9/6/92
445,1974-10-09,1979-01-30,10/7/09,22/7/96
446,1984-11-05,1987-09-21,10/7/14,26/6/09
447,1977-06-10,1976-03-12,10/8/01,17/11/95
448,1989-09-23,1989-09-15,10/8/12,12/12/08
449,2052-07-26,2056-02-12,10/9/01,18/4/87
451,2052-12-17,2053-10-18,10/9/01,5/7/80
452,2062-12-15,2067-02-18,10/9/02,24/7/85
453,2048-07-22,2056-09-17,10/9/02,10/5/83
454,2053-09-12,2050-12-13,10/9/02,22/6/76
455,2064-03-24,2064-06-07,10/9/02,7/5/81
456,1971-12-28,1972-09-20,10/9/03,13/6/97
457,1969-08-28,1974-07-05,10/9/03,7/8/98
458,2059-07-18,2063-04-18,10/10/00,30/12/83
459,2050-06-30,2056-06-04,10/11/00,23/2/99
460,2062-11-26,2065-09-30,10/11/03,23/4/87
461,2068-03-28,1972-05-28,10/11/04,14/3/97
462,2048-06-11,2049-02-17,10/11/08,23/1/04
463,2062-07-07,2068-12-02,10/12/03,19/4/90
464,1982-03-22,1983-10-08,10/12/10,10/10/08
465,2066-08-23,2066-04-20,11/2/03,20/7/90
466,1973-03-17,1976-01-27,11/2/03,5/8/95
467,1975-09-30,1975-04-19,11/2/05,17/7/02
468,1971-03-17,1972-12-15,11/3/05,15/5/99
469,2067-07-30,1980-12-21,11/3/10,4/8/06
470,1976-04-20,1975-03-31,11/3/11,11/8/98
471,1981-08-21,1983-09-29,11/3/15,19/10/13
472,2055-06-29,2058-10-15,11/4/01,6/5/77
473,2058-10-06,2063-01-15,11/4/03,25/4/87
474,1975-10-12,1981-10-30,11/4/11,8/1/10
475,2051-11-26,2061-12-24,11/5/00,10/8/84
476,2063-06-03,2063-07-25,11/5/00,2/6/86
477,1975-06-15,1975-05-13,11/5/04,7/3/01
478,1974-11-18,1971-10-30,11/5/10,25/1/99
479,2063-03-16,1971-12-11,11/6/01,19/12/91
480,1978-06-15,1976-03-25,11/6/03,12/9/96
481,2067-02-27,1970-03-22,11/6/03,17/1/92
482,2058-06-06,2063-04-22,11/6/03,18/1/82
483,2044-04-24,2054-05-08,11/6/03,30/11/79
484,1970-06-05,1971-12-02,11/6/04,4/9/93
485,2065-05-31,2065-05-10,11/6/04,27/12/91
486,1985-02-02,1984-12-08,11/6/08,2/2/04
487,2065-10-23,2067-06-18,11/7/01,26/11/92
488,1973-05-23,1973-09-25,11/7/01,11/12/99
489,1983-11-12,1981-03-17,11/8/11,27/3/10
490,1974-09-04,1974-09-30,11/9/01,22/5/99
491,1974-02-27,1973-02-26,11/9/02,8/7/95
492,1978-11-13,1979-05-20,11/9/03,1/12/00
493,1978-03-30,1978-07-12,11/9/08,3/10/97
494,2062-09-03,1970-03-14,11/9/09,10/7/93
495,2044-10-24,2044-12-12,11/10/00,1/8/86
496,1969-12-18,1969-09-26,11/10/01,2/5/97
497,1981-01-25,1977-04-17,11/10/02,10/2/00
498,2064-10-02,2065-04-26,11/10/02,11/8/89
499,1975-05-06,1975-10-16,11/11/03,19/8/94
500,2048-05-13,2062-03-29,11/11/03,29/1/77
501,1974-10-23,1970-12-16,11/11/04,25/3/00
502,2066-11-12,2058-08-15,11/12/01,9/2/94
503,1972-10-14,1972-01-25,11/12/01,3/12/93
505,2042-09-15,2050-07-30,11/12/01,6/1/75
506,2058-01-03,2059-01-30,11/12/02,26/2/82
507,1972-05-13,1976-12-26,11/12/02,27/2/93
508,1980-02-10,1982-05-22,11/12/02,27/1/98
509,1982-09-25,1983-10-10,11/12/06,25/2/05
510,2063-12-11,2068-01-24,11/12/08,23/1/87
511,1971-11-14,1977-08-24,12/2/03,30/5/95
513,1973-02-10,1973-07-01,12/2/09,2/5/02
514,1980-04-09,1983-03-15,12/2/10,19/7/08
515,1976-11-08,1981-07-21,12/2/14,18/2/11
518,2062-10-12,2051-05-20,12/3/15,19/10/11
519,2053-01-18,2057-11-22,12/4/04,28/5/82
520,1978-10-14,1982-08-09,12/4/13,24/7/08
521,2068-11-12,1970-08-31,12/5/00,1/10/87
522,2048-04-27,2052-06-29,12/5/04,24/12/99
523,2066-05-03,1970-04-04,12/6/03,23/10/92
524,2065-03-21,2065-07-28,12/6/12,17/12/84
525,2049-09-20,2049-10-28,12/7/00,19/10/74
526,1969-10-04,1974-09-09,12/7/00,23/12/95
527,1973-08-18,1973-09-04,12/7/00,17/12/94
528,1979-11-09,1983-03-16,12/7/01,10/12/98
529,2066-11-16,1970-07-26,12/7/02,2/4/93
530,2038-04-24,2065-04-28,12/7/02,17/12/94
531,1972-06-20,1970-08-25,12/7/05,7/5/03
532,2057-09-13,2058-09-07,12/7/10,15/9/03
533,1970-05-26,1973-04-29,12/7/11,10/12/02
534,1973-08-30,1975-07-19,12/8/02,16/4/93
535,2052-12-07,2060-01-16,12/9/00,3/3/89
536,2057-01-20,2057-04-29,12/9/02,9/1/78
538,2044-10-13,2041-02-27,12/9/03,21/5/69
539,1979-02-17,1971-06-15,12/10/12,17/2/11
540,1973-09-23,1976-06-11,12/11/01,3/8/98
541,2068-04-15,1970-09-03,12/11/03,18/12/99
542,1978-12-25,1985-12-04,12/11/12,13/12/06
543,1977-12-12,1991-06-13,12/11/13,24/2/12
544,2058-06-01,2060-12-09,13/1/04,21/11/79
545,2065-05-08,2068-05-23,13/2/02,14/12/90
546,2060-12-01,2061-01-31,13/2/02,18/1/86
547,2049-05-18,2060-09-25,13/2/02,14/7/80
548,1978-06-21,1978-11-13,13/2/03,8/1/00
549,2049-09-22,2057-08-04,13/2/04,23/2/75
550,2057-10-23,2059-04-18,13/2/04,15/8/90
551,1973-01-14,1977-07-26,13/4/04,1/12/93
552,2058-05-15,2057-12-05,13/5/03,16/1/82
553,2049-12-28,2061-09-20,13/5/09,19/9/98
554,1977-04-24,1986-05-05,13/5/09,7/12/07
555,1983-05-05,1977-11-29,13/5/13,7/5/07
556,1969-03-11,1970-09-02,13/6/03,13/11/95
557,1973-09-12,1974-08-10,13/6/03,4/8/01
558,2044-10-23,2055-09-26,13/6/03,30/4/98
559,2068-10-26,1973-09-10,13/6/07,9/8/96
560,1983-11-07,1985-11-12,13/6/08,4/3/05
561,1971-10-15,2068-10-22,13/7/00,19/12/92
562,2052-07-01,2061-10-24,13/7/00,30/4/99
563,1977-09-22,1978-05-07,13/7/04,30/9/99
564,2059-04-18,2060-07-10,13/7/04,4/5/00
565,2053-02-24,2062-06-03,13/7/04,21/5/76
566,2064-08-06,2065-03-29,13/7/05,29/3/04
567,1983-09-09,1982-05-14,13/7/10,13/2/08
568,1976-03-27,1979-04-13,13/7/11,17/5/10
569,1970-07-31,1972-05-24,13/7/12,9/2/11
570,2057-05-06,2063-03-11,13/8/01,23/8/85
571,2059-12-07,2060-04-17,13/8/03,26/12/85
572,2060-01-01,2060-12-09,13/8/03,17/3/84
573,1979-09-08,1978-03-26,13/8/04,28/12/00
574,1972-10-22,1980-05-29,13/8/09,14/1/06
575,1975-02-02,1976-04-18,13/9/00,8/1/96
576,2057-04-28,2059-12-17,13/9/01,28/11/77
577,2060-07-12,2063-11-20,13/9/01,8/4/89
578,1975-12-23,1973-12-06,13/9/02,17/5/96
579,2064-04-07,1969-06-25,13/9/02,5/8/95
580,2056-05-30,2059-01-10,13/9/02,14/12/85
581,2056-04-12,2061-07-12,13/9/02,21/7/78
582,2053-12-18,2059-01-18,13/9/02,1/7/93
583,1970-04-24,1973-09-13,13/9/10,6/8/09
584,1974-09-10,1977-03-18,13/10/00,11/12/97
585,2065-03-10,1969-01-25,13/10/00,21/2/92
586,1971-12-17,1974-09-20,13/10/03,3/6/91
587,1980-06-08,1986-03-29,13/10/04,11/5/00
588,1973-03-01,1972-12-07,13/10/04,24/3/01
589,1980-07-29,1989-08-05,13/10/11,12/4/06
590,1989-10-20,1990-01-03,13/10/14,14/12/12
591,1972-11-20,1971-09-05,13/11/00,29/2/92
592,2063-03-31,1969-01-23,13/11/01,27/8/90
593,2068-01-17,2068-01-15,13/11/02,4/5/92
594,2061-01-01,2068-08-22,13/11/02,1/8/91
595,2063-10-24,2062-02-25,13/11/02,9/5/95
597,1976-11-08,1981-08-14,13/11/07,7/8/04
598,1981-08-29,1985-05-30,13/11/14,18/9/07
599,2062-01-31,2059-03-12,13/12/00,15/3/90
600,2057-03-24,2059-08-17,13/12/01,7/5/86
601,2064-05-30,2067-12-09,13/12/01,26/6/89
602,1975-03-30,1973-12-17,13/12/02,20/12/93
603,2061-08-20,2052-03-31,13/12/02,22/7/88
604,1970-07-13,2062-07-31,13/12/13,15/1/10
605,1970-09-18,1972-03-08,14/1/02,13/6/92
606,2066-12-12,1976-09-17,14/1/08,7/4/04
607,2062-05-02,2062-03-14,14/2/02,16/5/79
608,2068-02-22,1969-02-08,14/2/03,2/3/91
609,1973-06-23,1973-11-29,14/2/03,30/12/97
610,1977-11-04,1977-09-29,14/2/06,27/8/04
611,2046-01-08,2048-11-11,14/3/01,30/1/69
612,1971-11-26,1973-09-25,14/3/02,27/3/99
613,2051-12-27,2050-03-08,14/3/03,13/5/72
614,2062-01-24,2061-02-11,14/3/03,28/8/98
615,2068-08-03,2066-03-18,14/4/00,22/10/93
616,1975-09-25,1977-09-26,14/4/04,27/10/97
617,1974-04-06,1972-09-18,14/4/04,27/7/01
618,1978-02-11,2068-02-28,14/4/10,18/5/98
619,2067-10-12,2067-03-14,14/5/01,19/6/90
620,2066-10-09,2063-06-21,14/5/04,14/8/98
621,1973-08-12,1975-01-29,14/5/04,16/8/97
622,2061-09-02,2063-07-07,14/5/04,27/8/82
623,1977-09-17,1981-09-25,14/5/08,5/6/04
624,1976-07-04,1976-07-29,14/6/01,22/8/98
625,1971-01-05,1974-10-19,14/6/01,12/9/00
626,2067-02-03,2062-08-31,14/6/01,2/10/98
627,1972-04-24,1975-02-14,14/6/02,30/12/98
628,2067-12-01,2054-06-04,14/6/02,26/3/97
629,2061-01-07,2060-09-15,14/6/02,19/3/94
630,2058-08-25,2062-12-12,14/6/02,3/12/84
631,1978-05-03,1982-10-26,14/7/03,23/11/98
632,2068-10-12,2068-02-17,14/7/03,29/2/00
633,1978-03-28,1979-03-02,14/7/08,11/10/01
634,1970-11-25,1978-07-18,14/7/10,5/10/04
635,1977-09-09,1977-07-14,14/7/10,3/5/03
636,2054-10-02,2063-12-01,14/7/11,11/8/04
637,2063-04-01,2068-03-23,14/9/01,31/12/90
638,2062-11-02,1975-10-22,14/9/04,17/5/03
639,1977-06-11,1982-10-12,14/9/04,6/2/99
640,2066-10-25,1971-09-28,14/9/04,29/4/03
641,1981-02-25,1982-08-22,14/9/04,19/6/02
642,1976-05-06,1980-07-02,14/9/05,16/2/00
643,1980-10-30,1977-05-01,14/9/06,15/12/04
644,2060-11-04,2062-05-19,14/10/02,22/6/85
645,1972-03-24,1976-04-29,14/10/02,15/7/95
646,1972-06-03,1969-12-07,14/10/03,27/1/96
647,1974-08-04,1977-07-06,14/10/05,15/4/04
648,1972-07-26,1972-06-29,14/11/00,27/11/98
649,2047-07-05,2053-12-09,14/11/00,7/12/73
650,2050-01-20,2051-09-17,14/11/01,4/12/74
651,2042-01-05,2054-11-14,14/11/02,1/12/89
652,1973-08-14,1977-05-05,14/11/03,29/9/00
653,1983-03-06,1986-07-25,14/11/13,1/12/08
654,1972-02-24,1976-02-14,14/12/01,5/8/95
655,2055-12-31,2062-12-08,14/12/01,18/2/89
656,1980-08-07,1981-08-31,14/12/11,15/3/08
657,1983-04-07,1984-10-27,14/12/12,17/7/10
658,2067-08-31,1986-05-23,15/1/09,6/6/07
659,2037-07-07,2057-10-03,15/2/02,27/2/97
660,1973-07-09,1975-09-03,15/2/02,24/8/91
661,1979-02-09,1982-03-28,15/2/11,12/8/06
662,2057-09-18,2057-04-11,15/3/01,8/3/80
663,1970-03-28,2066-07-17,15/3/02,13/7/90
664,2051-09-29,2048-04-23,15/3/02,28/4/78
665,1976-03-19,1983-08-14,15/3/11,21/7/06
666,2056-09-24,2064-01-07,15/4/03,18/12/86
667,1971-11-14,1975-05-01,15/4/03,4/2/01
668,2053-08-20,2060-07-15,15/4/04,20/12/76
669,1969-09-29,1969-08-27,15/4/04,2/7/91
670,2062-04-29,1977-06-17,15/4/05,22/11/96
671,1984-06-22,1982-07-22,15/4/13,30/9/10
672,1971-08-06,2067-10-30,15/5/00,30/9/95
673,2063-11-18,1978-02-10,15/5/00,29/8/97
674,1972-09-27,1973-03-12,15/5/00,30/9/94
675,1976-04-12,1978-12-21,15/5/06,21/12/02
676,1976-06-15,1979-01-23,15/5/13,9/1/12
677,2062-05-27,1973-04-30,15/6/01,24/8/91
678,2062-12-01,2058-11-29,15/6/04,28/11/87
679,1972-06-15,1970-10-07,15/6/04,29/1/99
680,1978-05-24,1981-03-28,15/6/05,14/6/00
681,1971-01-21,1970-07-24,15/7/05,21/12/01
682,1970-06-25,1969-11-08,15/7/05,22/12/92
683,1982-01-28,1982-06-05,15/7/13,6/8/11
684,2056-07-24,1970-04-30,15/8/03,2/6/89
685,1977-07-07,1975-04-07,15/8/12,27/12/08
686,2062-02-18,2068-07-03,15/10/04,7/5/03
687,2056-09-24,2061-10-03,15/11/00,22/8/77
688,1972-08-06,1970-09-24,15/11/01,14/7/95
689,2064-09-01,2065-06-14,15/11/01,14/1/86
690,2057-06-19,2058-11-04,15/12/03,31/7/82
691,1980-11-03,1976-07-11,15/12/04,22/3/02
692,2059-11-23,2064-09-12,16/1/03,13/2/01
693,1972-08-25,1976-05-21,16/1/12,5/3/08
694,1987-08-13,1986-03-19,16/2/11,15/2/08
696,2055-11-15,1970-03-04,16/3/04,26/1/02
697,1971-01-18,1975-04-06,16/4/01,25/2/99
698,2065-03-17,2067-09-13,16/4/01,20/12/94
699,2051-11-04,2047-05-18,16/4/01,25/8/87
700,2065-09-10,1973-03-03,16/4/03,11/3/93
701,2049-02-09,2051-01-10,16/4/04,14/5/74
702,1986-11-03,1986-11-20,16/4/14,7/9/12
703,2063-03-25,1977-02-06,16/5/03,12/11/92
704,2068-01-09,1974-07-30,16/5/03,10/12/93
705,1973-04-16,1983-04-26,16/5/11,19/11/01
706,1972-07-30,1970-12-07,16/6/04,15/4/00
707,2053-10-24,2066-07-12,16/6/04,29/3/96
708,1974-08-17,1974-10-03,16/6/05,14/12/96
709,1985-10-14,1985-11-26,16/6/11,1/8/09
710,1983-08-11,1980-11-08,16/6/14,14/11/09
711,2060-02-29,2059-05-15,16/7/02,7/3/91
712,2056-06-26,2058-01-31,16/7/02,15/12/79
713,1975-05-29,1974-11-26,16/7/02,13/1/97
714,2066-11-30,2067-01-11,16/7/02,10/2/95
715,1977-02-07,1976-06-11,16/7/03,28/7/98
716,2068-11-04,1969-03-29,16/7/04,1/6/90
717,2064-07-10,2067-08-15,16/7/04,29/7/94
718,1987-11-22,1986-07-04,16/7/14,25/11/11
719,1975-11-10,1974-07-01,16/8/00,10/11/94
720,2061-05-06,2068-06-06,16/8/00,9/5/84
721,2046-05-17,2055-03-03,16/8/00,23/10/72
722,1971-12-27,1977-09-17,16/8/00,8/3/99
723,2059-01-14,2047-05-01,16/8/02,18/2/87
724,1977-04-21,1976-05-28,16/10/00,13/2/99
725,2055-04-30,2057-07-17,16/10/01,19/9/98
726,1969-12-27,1970-05-26,16/10/01,25/8/00
727,2043-02-28,2048-05-30,16/10/02,22/12/76
728,2048-02-25,2049-05-04,16/10/02,14/4/73
729,2063-01-05,1969-04-18,16/10/03,20/11/00
730,1971-01-30,1972-07-26,16/10/03,20/4/93
731,1979-09-21,1981-05-10,16/10/09,22/12/07
732,1980-07-08,1980-07-10,16/11/10,15/11/08
733,2067-02-08,2067-05-06,16/12/03,20/8/94
734,2062-05-04,2068-06-14,16/12/03,7/1/94
735,2063-08-11,1969-06-10,16/12/09,14/12/90
736,1986-06-10,1990-04-03,16/12/10,22/12/08
737,1970-02-19,2064-07-28,17/1/07,12/2/03
738,1979-02-25,1971-08-28,17/2/04,27/7/01
739,1988-02-20,1989-07-04,17/2/15,25/4/11
740,2061-01-20,2063-06-01,17/3/03,23/10/98
741,2060-01-09,1969-04-28,17/3/10,18/9/98
742,2059-04-26,2056-05-24,17/4/01,7/8/82
743,2054-10-02,2044-01-05,17/4/02,28/1/78
744,1983-06-27,1984-07-26,17/4/13,7/11/09
745,2048-11-16,2048-11-27,17/5/02,22/8/70
746,2067-08-24,2067-02-20,17/5/04,11/12/89
747,1982-11-17,1983-08-07,17/5/10,7/7/07
748,1977-05-07,1978-09-03,17/5/11,10/9/03
749,1976-03-12,1977-08-17,17/6/04,29/8/97
750,1975-01-21,1977-10-12,17/6/04,31/12/01
751,1972-01-17,1979-12-29,17/6/04,17/12/99
752,1969-05-05,1972-04-03,17/6/14,26/8/10
753,1971-06-21,1979-02-21,17/7/00,15/1/94
754,1976-11-02,1976-09-01,17/7/00,9/9/98
755,2067-10-25,1971-09-09,17/7/01,3/6/00
756,1979-06-15,1983-08-23,17/7/03,31/8/98
757,2055-01-03,2065-02-18,17/7/07,2/10/98
758,1970-11-05,1982-11-19,17/7/08,27/9/00
759,1969-09-21,2064-05-03,17/7/14,23/10/10
760,2065-08-17,2063-12-12,17/8/01,10/1/85
761,1969-01-11,2068-01-26,17/9/01,8/6/95
762,2055-10-14,2053-03-21,17/9/01,14/2/81
763,1974-02-05,1971-03-10,17/9/02,7/10/95
764,2062-02-23,2062-11-16,17/9/02,18/7/87
765,2056-02-06,2061-05-06,17/9/03,13/2/82
766,1976-03-25,1973-04-17,17/9/04,11/2/00
767,2063-10-05,2061-06-25,17/9/04,9/5/91
768,1974-04-15,1971-08-18,17/9/09,19/12/05
769,1984-05-18,1986-11-22,17/9/10,16/4/08
770,2061-03-19,2061-09-25,17/10/01,15/1/83
771,1972-11-27,1971-12-07,17/10/03,11/12/00
772,1970-04-24,1973-05-18,17/10/03,11/7/94
773,1973-09-17,1975-11-03,17/10/03,16/3/01
774,2065-02-08,2064-09-25,17/10/07,19/2/93
775,2052-07-06,2055-10-11,17/10/11,14/12/83
776,1982-05-14,1983-10-21,17/10/12,20/12/08
777,2066-07-05,2065-10-15,17/11/03,10/8/89
778,2060-11-17,2061-03-11,17/11/08,20/7/07
779,2060-09-29,2065-12-05,17/12/01,16/1/93
780,2066-10-04,2068-02-20,17/12/01,28/11/89
781,1970-10-09,1969-06-28,17/12/01,10/9/92
782,1973-09-08,1977-01-07,17/12/02,7/11/00
783,2059-11-24,2058-05-08,17/12/03,19/7/80
784,1970-05-01,1969-11-03,17/12/03,26/12/89
785,1970-06-12,1972-03-22,17/12/03,17/10/96
786,1973-11-16,1978-08-21,17/12/04,25/3/97
787,1970-08-08,2068-01-27,17/12/07,22/5/96
788,1983-11-26,1983-04-23,17/12/07,11/3/05
789,1978-06-13,2067-07-30,17/12/07,31/7/06
790,1979-11-19,1984-08-31,17/12/09,21/12/07
791,1987-06-14,1990-05-07,17/12/09,6/5/05
792,1976-11-16,1974-10-21,17/12/09,9/8/01
793,2065-04-28,1969-10-05,17/12/10,22/6/94
794,1973-12-15,1984-10-05,17/12/14,8/10/11
795,2065-08-10,1971-08-05,18/1/01,30/10/92
796,2040-08-23,1970-02-03,18/1/02,21/1/91
797,1983-11-09,1985-08-17,18/1/06,16/4/03
798,1974-02-26,1972-03-27,18/1/06,17/11/01
799,1972-06-23,1970-07-27,18/2/03,1/7/94
800,2060-06-04,1975-05-26,18/2/04,28/5/98
801,2068-08-26,1972-12-13,18/2/04,25/10/97
802,2067-03-03,2065-11-16,18/2/05,25/5/90
803,2034-06-24,2052-09-17,18/2/09,13/7/02
804,2053-07-16,1969-03-06,18/2/13,27/7/10
805,2058-06-28,2063-08-23,18/3/02,11/9/85
806,1975-12-09,1975-08-27,18/3/04,12/7/96
807,2066-04-06,2065-12-24,18/3/04,21/8/93
808,1978-03-17,1977-07-04,18/3/05,20/12/03
809,1976-02-21,1980-01-27,18/3/08,7/5/03
810,2051-12-14,2052-11-30,18/4/01,15/1/70
811,1983-10-14,1984-11-23,18/4/11,7/2/08
812,2068-04-18,1970-11-18,18/4/11,26/10/90
813,1989-06-02,1995-05-04,18/4/14,11/11/11
814,2067-10-28,1972-10-26,18/5/01,23/8/99
815,2066-03-05,2065-12-05,18/5/05,24/11/90
816,1978-01-24,1976-06-04,18/5/10,27/10/05
817,2055-02-04,2062-06-27,18/6/02,12/12/81
818,1977-09-20,1981-09-17,18/6/02,29/7/99
819,2066-08-14,1971-09-08,18/6/04,26/12/92
820,1969-05-12,1972-03-08,18/6/04,29/7/00
821,1969-12-21,1972-12-11,18/7/01,27/2/88
822,2056-05-15,1973-06-01,18/7/03,25/4/02
823,1971-03-19,1973-06-07,18/7/03,22/7/00
824,2061-03-11,2064-07-17,18/7/11,5/3/88
825,2065-03-01,2068-08-12,18/8/09,8/8/94
826,1980-06-13,1988-12-29,18/8/10,13/7/09
827,2055-12-08,2057-11-23,18/9/00,30/10/76
828,1969-06-21,1976-03-04,18/9/01,11/7/98
829,1978-03-20,1976-11-17,18/9/03,15/3/97
830,2068-05-30,1970-02-06,18/9/03,3/2/93
831,2046-11-23,2052-08-31,18/10/00,18/8/73
832,2065-10-29,2067-03-27,18/10/00,20/4/90
834,2054-05-11,2065-04-01,18/10/01,27/1/86
835,2064-06-09,2066-09-26,18/10/02,27/12/84
836,2064-08-17,2058-11-12,18/10/02,15/4/87
837,2066-08-25,2065-09-13,18/12/01,7/7/84
838,1971-03-08,2063-01-06,18/12/02,19/4/00
839,2065-05-21,1971-01-15,18/12/02,30/6/89
840,1973-10-30,1973-12-29,18/12/03,6/1/95
841,1982-12-20,1982-02-19,18/12/07,14/9/06
842,2067-12-29,2058-10-28,18/12/07,30/6/06
843,2061-07-27,1972-03-28,19/1/01,14/1/89
844,1976-08-20,1982-12-08,19/1/01,5/3/96
845,2062-09-23,2064-03-04,19/2/02,31/1/89
846,2059-05-23,2065-10-16,19/2/02,21/12/84
847,1969-07-15,1971-06-26,19/2/03,26/6/91
848,1971-09-18,1973-06-12,19/2/03,7/8/93
849,2054-12-06,2050-04-25,19/2/04,28/8/90
850,1969-04-14,2065-08-06,19/2/04,23/6/00
851,1978-11-24,1981-10-01,19/2/08,7/2/04
852,1971-07-15,1973-04-08,19/3/01,23/7/99
853,1969-12-09,1972-02-16,19/3/04,20/3/93
854,2068-08-14,1977-03-17,19/3/04,14/2/96
855,1979-02-16,1983-10-05,19/3/04,16/11/99
856,1969-02-24,1975-03-20,19/3/09,11/1/02
857,1973-05-14,1975-10-08,19/3/10,15/8/08
858,2057-07-11,2063-10-18,19/3/14,30/6/87
859,2064-03-01,1977-02-03,19/4/00,31/3/95
860,2066-12-04,2065-10-08,19/4/00,21/2/97
861,1971-12-17,1973-09-25,19/4/00,1/12/95
862,1970-02-03,1969-02-07,19/4/02,26/5/98
863,1975-03-13,1978-06-15,19/4/05,7/8/03
864,2068-12-29,1976-08-05,19/5/04,1/12/95
865,2061-03-28,2060-01-15,19/5/04,8/4/89
866,1971-07-21,1977-05-22,19/5/04,7/9/02
867,1972-12-06,1975-06-24,19/6/00,24/1/94
868,2055-02-23,2055-04-09,19/6/00,19/12/92
869,1970-03-01,1973-10-03,19/6/01,4/7/92
870,2062-03-13,2061-03-09,19/6/03,21/2/97
871,1969-09-09,2067-10-20,19/6/03,31/8/89
872,1972-05-24,1971-05-01,19/6/07,5/3/99
873,1970-05-11,1985-07-01,19/6/12,16/11/07
874,1975-08-12,1977-02-08,19/7/02,28/9/00
875,1969-06-24,1969-09-29,19/7/04,21/12/96
876,1976-01-03,1979-06-01,19/7/11,24/9/09
877,1986-10-19,1987-04-16,19/7/11,6/8/07
878,2067-05-24,2068-01-02,19/8/03,8/3/97
879,1972-08-19,1976-11-23,19/8/04,19/3/99
880,1980-12-02,1977-11-19,19/8/08,15/4/05
881,2061-06-16,2054-06-03,19/9/00,8/7/94
882,2056-07-13,2063-01-28,19/9/00,28/9/79
883,2067-11-29,1970-04-12,19/9/00,26/4/96
884,2064-04-24,2068-03-19,19/9/00,1/12/97
885,2065-07-21,2063-07-26,19/9/01,11/12/91
886,2054-08-02,2057-05-10,19/9/01,19/11/82
887,2056-10-23,2059-01-06,19/9/03,19/12/73
888,1975-10-13,1977-07-06,19/9/03,8/8/97
889,1974-02-04,1974-09-01,19/9/06,14/10/00
890,1972-07-02,1970-10-18,19/10/00,13/5/94
891,2058-10-01,2035-06-28,19/10/04,19/3/97
892,1981-02-26,1981-10-20,19/10/09,11/11/02
893,1969-12-11,2068-09-20,19/10/10,19/1/90
895,1969-07-09,1969-03-26,19/11/02,11/12/95
896,1978-01-07,1976-02-22,19/11/02,16/10/96
897,1970-05-23,1972-07-18,19/11/02,7/5/91
898,2068-03-30,1975-10-23,19/11/02,29/1/99
899,2068-11-11,1972-04-28,19/11/02,13/4/97
900,1969-10-07,1974-12-24,19/11/03,19/6/91
901,2063-11-17,1975-09-05,19/11/03,30/4/01
902,1985-08-08,1985-10-07,19/11/08,28/11/03
903,1979-04-11,1980-07-04,19/11/10,11/2/09
904,1976-04-20,1978-07-31,19/12/01,31/10/97
905,2035-11-22,2035-11-09,19/12/01,3/5/75
906,2068-10-31,1978-05-22,19/12/02,10/9/99
907,1974-01-29,1975-07-10,19/12/03,16/5/97
908,1973-08-25,1972-10-30,19/12/03,27/7/98
909,2064-08-29,2059-06-28,19/12/03,19/12/91
910,1971-09-13,1979-10-04,19/12/03,17/1/00
911,1973-01-29,1974-04-15,19/12/03,4/6/93
912,1974-06-06,1969-06-26,19/12/06,13/12/04
913,1973-11-20,1977-05-14,19/12/08,28/7/07
914,1976-11-10,1976-12-31,19/12/08,23/12/06
915,1974-06-04,1970-12-03,19/12/12,14/5/05
916,2056-02-03,2058-05-26,20/1/05,14/7/84
917,1977-10-18,1982-10-17,20/1/06,16/6/04
918,1984-05-12,1988-01-05,20/1/10,14/1/06
919,2065-11-11,2065-12-16,20/1/10,4/10/91
920,2068-04-25,1970-10-27,20/2/04,17/12/92
921,1982-09-04,1976-05-08,20/2/08,18/1/02
922,1979-11-05,1982-09-16,20/3/01,30/11/98
923,2046-03-28,2046-04-11,20/3/02,5/7/69
924,1970-08-31,1969-09-15,20/3/02,9/12/95
925,2057-11-21,2058-07-10,20/3/03,19/12/91
926,1973-06-06,2055-12-19,20/3/03,12/10/96
927,2062-05-07,2066-03-09,20/3/03,20/6/88
928,1974-03-08,1977-12-04,20/3/09,8/12/01
929,1978-01-01,1977-05-24,20/4/01,4/6/97
930,1973-10-28,1975-12-25,20/4/04,8/12/98
931,2036-02-01,1974-03-31,20/4/04,9/10/95
932,1976-11-14,1985-03-15,20/4/09,16/1/07
933,1977-01-16,1974-12-19,20/5/05,28/10/99
934,2063-09-09,2062-12-16,20/6/03,30/3/83
935,2065-12-13,2065-12-11,20/6/08,5/7/90
936,1983-08-06,1988-06-18,20/6/11,12/9/08
937,2051-09-10,2059-09-27,20/7/01,17/5/75
938,1969-06-16,1973-07-28,20/7/04,8/1/92
940,2066-10-25,2064-04-27,20/9/00,10/10/94
941,2061-11-09,2061-03-26,20/9/02,19/12/86
942,2059-12-08,2068-05-31,20/9/02,19/12/87
943,1971-10-25,1971-12-31,20/9/02,29/12/95
944,1977-06-30,1980-01-31,20/9/05,22/11/01
945,1978-09-23,1977-07-13,20/9/10,26/5/01
946,1969-08-27,1974-07-24,20/10/03,24/11/01
947,2063-09-20,2066-06-15,20/10/03,23/7/84
948,2057-12-18,2060-05-21,20/10/04,17/1/79
949,1977-06-14,1974-04-24,20/10/04,17/8/00
950,1979-03-08,1979-01-22,20/10/14,19/5/12
951,1973-09-01,1980-01-01,20/11/13,26/2/09
952,1973-12-12,1977-10-19,20/12/00,1/3/95
953,1976-09-06,1979-08-26,20/12/01,15/3/96
954,2059-12-23,2057-03-09,20/12/01,28/5/99
955,1972-02-10,1974-08-01,20/12/02,16/7/92
956,1981-02-27,1984-03-16,20/12/02,21/7/01
957,2066-07-18,1972-07-24,20/12/05,7/12/94
958,1973-07-29,1979-09-23,20/12/12,25/2/11
959,1979-02-04,1977-02-17,20/12/13,30/12/11
960,2058-12-14,2063-03-18,21/1/02,1/3/86
961,1977-04-18,1977-06-13,21/1/04,17/7/98
962,1975-01-16,1969-10-30,21/1/05,11/3/94
963,1971-04-02,1979-10-30,21/1/05,3/7/03
964,1975-07-14,1978-01-11,21/1/05,1/9/01
965,1975-01-24,1975-06-17,21/1/10,13/7/01
966,2066-07-28,1969-03-05,21/2/03,3/12/94
967,2056-05-19,2058-08-30,21/2/03,23/4/83
968,2055-08-07,2044-03-19,21/2/03,19/10/88
969,2038-12-08,2057-06-03,21/2/03,31/3/95
970,1973-01-26,1975-07-23,21/2/08,27/5/95
971,1985-01-04,1985-09-01,21/3/07,5/12/03
972,1975-06-12,1975-12-18,21/4/03,22/7/94
973,2060-12-12,1972-07-20,21/4/04,3/2/96
974,1975-02-03,1977-06-30,21/5/02,7/3/96
975,2059-09-08,2056-01-20,21/5/03,24/4/93
976,1974-12-24,1977-01-07,21/5/03,7/1/00
977,2054-07-07,2063-10-12,21/5/04,19/12/81
978,1974-04-20,1977-06-21,21/5/04,16/10/98
979,1990-12-18,1992-08-02,21/5/12,16/12/10
980,1979-12-12,1988-04-24,21/5/14,26/8/10
981,2056-10-13,2061-01-27,21/6/02,13/1/79
982,2047-02-05,2048-01-18,21/6/02,10/12/73
983,2060-08-15,2054-01-27,21/6/02,4/11/98
984,2063-08-01,2067-09-15,21/6/02,4/1/92
985,2046-06-06,2052-03-23,21/6/04,21/1/77
986,1983-01-07,1985-10-09,21/6/11,31/1/03
987,2067-09-24,1971-10-12,21/7/03,29/3/89
988,1970-08-21,1976-08-30,21/7/09,17/11/01
989,1974-05-08,1975-05-25,21/7/10,23/2/08
990,2044-10-02,2051-07-12,21/7/10,6/11/04
991,1972-08-14,1972-03-03,21/8/09,27/6/00
992,1977-07-15,1984-02-04,21/8/14,16/4/11
993,1974-03-24,2064-11-06,21/9/00,31/1/97
994,1984-05-31,1989-10-07,21/9/12,7/12/09
995,1977-08-27,1977-10-12,21/10/10,20/5/06
996,2065-03-21,1978-01-25,21/11/00,3/6/93
997,2068-10-31,1971-07-17,21/11/01,28/10/88
998,2062-11-02,2061-08-27,21/11/01,9/2/80
999,1971-11-26,1973-11-28,21/11/02,26/12/96
1000,1979-02-20,1978-04-24,21/11/03,16/1/99
1001,2065-11-07,2060-06-07,21/11/03,17/12/88
1002,1974-10-22,1974-08-26,21/11/03,27/12/99
1003,1971-03-30,1974-05-06,21/11/03,30/9/92
1004,1972-05-28,1976-06-12,21/11/03,10/6/00
1005,1979-09-01,1980-02-25,21/11/03,15/5/99
1006,2066-01-11,2067-11-03,21/11/03,13/6/91
1007,1972-02-07,1973-10-25,21/11/03,8/7/00
1008,1971-06-30,1983-03-16,21/11/06,14/3/05
1009,1975-02-20,1980-06-17,21/11/12,28/6/02
1010,2068-08-12,1973-05-18,21/12/00,26/2/93
1011,2062-06-28,2063-03-13,21/12/00,21/1/99
1012,1971-02-01,1974-08-11,21/12/01,18/8/94
1013,2061-01-14,2055-02-08,21/12/01,15/12/92
1014,2063-07-28,2061-12-22,22/1/03,27/7/01
1015,2064-09-10,2061-02-11,22/2/01,1/12/90
1016,1969-02-04,1977-10-21,22/2/02,5/1/01
1017,1971-03-09,1977-03-22,22/2/02,24/12/99
1018,2051-12-25,2054-07-06,22/2/02,23/12/72
1019,2068-06-21,1971-08-26,22/2/02,25/10/96
1020,1972-07-26,1975-07-24,22/2/05,3/11/01
1021,2046-11-21,2050-05-10,22/3/01,6/12/80
1022,2053-06-20,2056-03-20,22/3/02,18/11/82
1023,1973-03-06,1970-02-20,22/3/02,10/6/92
1024,1980-08-31,1982-07-28,22/3/05,1/10/01
1025,2035-09-03,2061-02-25,22/3/11,15/11/07
1026,1974-11-11,1974-07-08,22/4/03,25/5/01
1027,1979-03-29,1977-06-10,22/4/03,2/7/98
1028,1970-03-26,1974-02-03,22/5/00,10/11/94
1029,2058-03-07,2059-10-02,22/5/02,18/9/92
1030,1971-07-26,1970-01-13,22/5/02,17/3/95
1031,1969-11-02,1982-01-17,22/5/02,10/11/00
1032,2055-10-15,2052-10-30,22/5/02,8/8/83
1033,2068-04-25,2067-04-08,22/5/03,6/11/95
1034,1982-10-28,1988-07-14,22/5/13,23/12/08
1035,2066-06-25,2057-03-04,22/6/01,25/7/97
1036,2062-01-26,2061-03-25,22/6/01,16/3/83
1037,2053-01-05,2047-11-07,22/6/01,16/12/83
1038,2037-01-27,2058-12-10,22/6/01,30/6/75
1039,1973-11-15,1976-11-27,22/7/03,2/2/00
1040,1974-01-25,1975-09-12,22/8/00,8/11/93
1041,1975-03-17,1976-10-17,22/8/02,9/5/94
1042,2066-11-27,2068-01-22,22/9/00,9/11/88
1043,2068-02-28,2068-06-05,22/9/00,4/4/92
1044,2068-06-15,2066-02-17,22/9/00,29/10/96
1045,2064-02-16,1973-06-07,22/9/04,13/6/03
1046,1975-06-13,1970-09-16,22/9/09,21/9/94
1047,1972-03-15,1972-01-23,22/10/01,13/11/99
1048,2048-04-24,2050-02-22,22/10/02,8/3/75
1049,2061-01-17,2062-07-24,22/10/02,21/11/86
1050,2053-11-04,2057-09-22,22/10/03,17/6/78
1051,2058-08-04,2056-09-19,22/10/03,21/4/80
1052,1988-05-06,1987-08-21,22/10/09,9/4/05
1053,1976-06-23,1975-11-02,22/11/00,27/7/93
1054,1973-04-23,1973-03-23,22/11/01,14/10/94
1055,2042-02-17,2054-11-20,22/11/02,8/9/72
1056,1975-05-23,1979-04-21,22/11/02,24/7/99
1057,2068-08-01,1972-04-18,22/11/02,8/12/93
1058,1975-08-16,1980-03-27,22/12/09,6/2/07
1059,2062-07-09,1969-11-19,23/1/01,8/4/88
1060,2065-08-22,1971-02-12,23/1/04,19/10/96
1061,1975-10-18,1976-11-08,23/1/04,3/8/01
1062,1972-08-08,1969-05-17,23/1/04,20/5/00
1063,2064-05-22,2065-05-10,23/1/09,22/6/90
1064,1975-03-08,1973-11-01,23/2/01,4/6/94
1065,1977-12-12,1976-08-11,23/2/15,7/6/04
1066,1975-06-30,1982-07-26,23/3/04,8/9/00
1067,1977-10-19,1977-07-16,23/3/05,8/5/00
1068,1975-02-03,1976-07-10,23/3/10,14/3/07
1069,2050-10-05,2050-11-17,23/4/01,30/7/73
1070,1971-10-23,1971-02-19,23/4/08,16/5/98
1071,2065-01-16,1973-10-30,23/4/09,1/7/04
1072,1985-08-29,1988-10-12,23/4/13,30/12/10
1073,1972-08-13,1974-11-10,23/5/03,14/2/98
1074,1975-06-20,1979-04-23,23/5/07,18/2/02
1075,2057-08-18,2060-11-07,23/5/07,29/7/78
1076,1977-04-19,1973-11-18,23/6/00,30/12/98
1077,1973-09-07,1978-08-04,23/6/06,30/8/04
1078,1974-09-20,1976-08-25,23/6/09,14/12/07
1079,2060-03-09,1973-02-14,23/6/11,30/4/01
1080,1976-05-16,1970-12-18,23/7/01,18/12/98
1081,2066-12-05,1969-11-30,23/7/01,5/12/92
1082,1969-12-18,1975-08-22,23/7/02,22/1/97
1083,1975-05-12,1977-04-15,23/7/04,27/12/97
1084,1980-10-11,1984-01-15,23/7/07,25/11/05
1085,1970-03-06,1972-01-14,23/7/08,30/4/97
1086,2068-09-07,2060-07-01,23/8/02,28/2/97
1087,2061-04-30,2063-02-27,23/8/02,14/9/85
1088,1987-11-28,1986-10-23,23/8/13,20/4/06
1089,1970-12-07,1971-02-19,23/9/02,28/11/91
1090,2061-11-10,1978-02-11,23/9/03,11/12/95
1091,2067-08-10,1969-12-19,23/9/10,25/3/88
1092,1978-11-24,1978-01-11,23/10/14,15/6/12
1093,1972-07-29,1973-10-11,23/11/01,4/1/91
1094,2066-02-16,2067-07-01,23/11/01,6/9/91
1095,1971-08-27,1978-03-30,23/11/01,30/3/00
1096,1980-09-06,1979-12-20,23/11/01,8/9/98
1097,1979-03-03,1981-08-07,23/12/03,11/11/02
1098,2052-06-22,2053-07-01,23/12/03,16/3/71
1099,2066-12-16,2068-11-20,23/12/03,26/9/87
1100,1969-10-26,1971-03-07,23/12/03,14/7/90
1101,1986-01-13,1987-05-15,24/2/15,9/7/10
1102,1977-08-29,1978-09-21,24/3/04,1/6/00
1103,1983-11-01,1982-02-28,24/3/04,19/4/02
1104,1970-01-03,2067-02-08,24/3/04,11/1/96
1105,2051-09-25,2060-04-30,24/4/00,31/5/96
1106,2049-01-29,2051-02-07,24/4/00,19/2/72
1107,2066-07-03,1977-05-31,24/4/02,28/4/95
1108,2066-04-09,2066-04-09,24/4/02,23/1/86
1109,2057-05-25,2053-01-01,24/4/03,11/5/73
1110,1977-06-25,1979-05-01,24/5/00,19/11/98
1111,2056-04-01,2059-06-02,24/5/02,19/6/82
1112,2040-01-22,2054-01-31,24/5/02,31/8/78
1113,2067-02-02,2067-06-20,24/5/05,27/12/96
1114,1970-06-27,2068-09-23,24/6/02,16/12/93
1115,2049-12-07,2059-11-05,24/6/03,21/4/78
1116,2056-09-15,2047-07-02,24/6/03,22/12/77
1117,1976-01-10,1978-02-08,24/6/04,14/12/95
1118,2053-11-28,2057-04-13,24/6/05,24/9/79
1119,1973-02-15,2066-04-20,24/6/09,2/5/08
1120,2061-12-07,2056-02-25,24/7/01,20/4/96
1121,2068-02-09,1973-04-16,24/7/02,21/1/94
1122,2067-05-28,2064-06-10,24/7/02,1/3/96
1123,1972-02-09,1975-10-05,24/8/00,5/10/96
1124,2062-09-27,2065-07-10,24/8/01,13/10/88
1125,2068-01-04,1973-12-02,24/8/04,27/2/99
1126,2061-09-10,2067-06-01,24/9/01,24/7/92
1127,2055-09-18,2058-12-13,24/9/02,12/2/77
1128,2067-07-04,1972-04-14,24/9/02,20/12/87
1129,1972-07-23,1974-07-14,24/9/03,10/10/95
1130,1978-04-22,1980-06-16,24/9/09,5/4/05
1131,1970-12-19,1974-01-13,24/10/03,28/1/00
1132,2063-11-14,2066-10-24,24/10/05,3/4/04
1133,1990-08-30,1987-11-09,24/10/12,1/7/11
1134,2066-01-23,2065-11-21,24/11/08,13/12/85
1135,1977-05-02,1972-08-30,24/11/10,13/11/99
1136,1981-02-23,1986-09-16,24/11/14,31/8/11
1137,1972-08-19,1976-09-07,25/2/03,28/11/98
1138,2061-06-27,2065-02-20,25/2/03,26/6/01
1139,2045-10-17,2048-10-04,25/2/03,31/8/72
1140,1978-05-19,1981-05-22,25/2/11,18/10/08
1141,1971-07-06,1969-11-24,25/3/02,12/4/96
1142,2045-10-27,2052-02-03,25/3/02,14/7/72
1143,1974-04-27,1976-09-17,25/3/03,30/11/94
1144,1975-04-27,1977-12-06,25/3/04,16/6/95
1145,1974-11-14,1977-02-25,25/3/09,23/8/02
1146,2054-01-08,2054-07-28,25/4/02,31/1/76
1147,2067-07-16,1971-03-30,25/4/03,21/10/89
1148,2063-03-12,2067-01-26,25/4/03,12/3/93
1149,1974-09-15,1973-06-24,25/4/03,24/3/99
1150,2068-01-03,1971-08-06,25/4/07,4/5/98
1151,1973-03-23,1971-09-10,25/5/01,23/8/97
1152,2036-10-17,2057-09-13,25/5/11,7/10/09
1153,2060-02-18,2063-03-02,25/6/04,3/9/87
1154,2058-08-23,2053-06-11,25/7/00,16/1/82
1155,2060-09-11,2061-05-14,25/7/02,5/3/85
1156,1972-01-14,1971-01-17,25/7/02,6/2/99
1158,1973-05-06,1978-11-23,25/7/03,20/6/02
1159,1973-06-16,1970-08-20,25/8/10,4/4/95
1160,2067-07-21,1970-04-12,25/9/08,3/12/98
1161,1974-05-18,1975-03-21,25/10/01,18/12/99
1162,2057-02-10,2057-01-23,25/10/01,26/11/75
1163,1970-07-29,1971-03-04,25/10/02,4/3/93
1164,2046-02-01,1969-03-16,25/10/04,5/4/91
1165,2065-03-26,2067-09-02,25/11/02,5/4/89
1166,2053-10-28,2061-09-02,25/11/02,18/5/84
1167,1973-06-23,1977-02-14,25/11/02,8/5/95
1168,1974-04-07,1973-09-29,25/11/03,22/7/00
1169,1977-06-26,1974-02-09,26/1/10,9/2/07
1170,2068-01-29,2068-12-11,26/2/02,6/9/88
1171,2064-01-19,2068-02-24,26/2/03,2/8/96
1172,1970-05-06,1976-08-06,26/2/04,5/6/95
1173,2063-07-26,2066-08-09,26/2/04,28/2/01
1174,1977-09-04,1980-07-04,26/2/08,12/4/06
1175,2067-11-15,1973-11-06,26/3/04,18/12/97
1176,1976-12-30,1975-03-11,26/3/04,2/5/97
1177,2065-02-17,2066-02-16,26/4/02,22/7/94
1178,1979-07-11,1979-11-25,26/4/02,19/2/00
1179,1981-01-20,1983-01-23,26/4/07,24/5/02
1180,1975-03-08,1974-12-14,26/5/04,21/11/97
1181,2059-09-15,2059-07-06,26/5/04,8/3/79
1182,2064-08-05,1969-08-21,26/5/04,25/4/97
1183,2067-05-02,1973-12-11,26/5/05,15/12/92
1184,1979-07-08,1978-01-31,26/5/08,14/6/04
1185,2061-12-29,2066-03-09,26/6/02,22/12/87
1186,2067-06-15,2067-07-13,26/6/03,8/4/89
1187,2053-06-12,2060-12-20,26/6/08,21/5/80
1188,1979-03-03,1983-11-12,26/6/08,2/2/07
1189,1983-11-23,1986-01-09,26/6/09,1/7/06
1190,1977-03-26,1976-05-19,26/6/13,30/10/06
1191,2055-06-15,2053-03-30,26/7/00,16/2/96
1192,2054-02-23,2059-08-12,26/7/02,24/8/78
1193,2065-09-10,1970-07-27,26/7/04,21/9/96
1194,1980-09-06,1983-06-04,26/7/04,18/12/02
1195,2042-07-14,2057-03-07,26/7/04,14/4/81
1196,2064-06-25,2068-08-31,26/7/11,19/12/09
1197,1975-10-23,1983-03-01,26/8/03,23/10/00
1198,1970-11-07,1975-02-10,26/8/04,17/12/99
1199,1980-05-06,1979-04-16,26/8/09,20/12/01
1200,1975-02-05,1976-06-08,26/8/09,14/12/02
1201,1975-02-13,1980-03-30,26/8/13,17/9/05
1202,2036-10-02,2044-07-02,26/9/00,17/10/95
1203,2061-09-01,2066-01-31,26/9/03,31/5/02
1204,1973-02-20,1971-10-11,26/9/03,18/1/01
1205,1978-01-16,1977-08-22,26/9/06,25/10/02
1206,1969-09-26,1971-02-19,26/10/01,25/4/98
1207,2055-05-25,2052-10-06,26/10/04,1/6/77
1208,1969-11-16,1969-06-06,26/11/03,25/4/97
1209,1970-08-23,1972-11-07,26/11/04,18/12/92
1210,1969-06-15,1977-10-16,26/12/01,6/11/92
1211,1972-06-08,1974-03-01,26/12/02,13/5/92
1212,2068-09-28,1975-07-04,26/12/02,26/7/95
1213,1975-02-10,1977-05-05,26/12/03,12/8/98
1214,1980-02-28,1982-02-28,26/12/08,11/2/05
1215,2052-04-12,2045-09-30,27/1/04,1/11/73
1216,1969-02-01,1969-08-23,27/1/04,12/5/90
1217,2061-05-20,2062-07-28,27/2/03,31/8/91
1218,2054-09-14,2063-03-22,27/2/03,14/1/89
1219,2068-11-24,1971-01-02,27/2/04,21/8/99
1220,2045-03-07,2047-10-17,27/2/04,15/7/72
1221,1982-04-28,1985-09-14,27/2/13,22/7/11
1222,2053-09-16,2060-08-04,27/3/01,11/7/86
1223,2042-06-20,1982-08-02,27/3/02,7/6/00
1224,1977-08-28,1975-09-19,27/3/02,3/7/00
1225,1971-08-09,1977-10-26,27/3/02,1/10/96
1226,2060-05-07,2063-07-16,27/3/03,7/5/83
1227,2066-01-29,1969-06-14,27/4/04,28/11/87
1228,1973-03-21,1969-10-01,27/5/04,20/6/97
1229,2067-10-23,2064-10-17,27/5/04,5/7/89
1230,1978-03-02,1980-10-09,27/5/08,9/7/05
1231,2064-12-19,1972-09-22,27/6/00,15/8/91
1232,1969-02-18,1973-08-06,27/6/01,10/10/96
1233,2054-05-10,2063-10-01,27/6/01,26/12/98
1234,2065-01-09,2066-10-23,27/6/02,15/9/96
1235,2068-10-26,1970-10-22,27/6/03,29/3/91
1236,1972-02-02,1970-08-10,27/6/03,15/1/00
1237,2064-12-29,1972-10-12,27/6/11,10/2/05
1238,2067-02-03,2061-08-31,27/7/01,11/12/99
1239,2041-11-13,2048-10-14,27/7/04,8/5/73
1240,2051-04-12,2059-04-15,27/8/01,19/6/82
1241,2065-07-24,2064-10-01,27/8/02,27/7/87
1242,2066-06-16,1969-10-28,27/8/02,28/10/89
1243,1982-01-11,1980-09-18,27/8/03,9/7/98
1244,2063-07-14,2062-03-16,27/8/08,7/10/98
1245,1982-12-07,1982-08-25,27/8/09,27/5/06
1246,1980-10-25,1986-11-25,27/9/12,22/12/08
1247,1969-10-19,1971-09-30,27/10/00,18/12/87
1248,1969-02-10,2068-06-05,27/11/00,16/12/88
1249,2063-03-31,2062-12-30,27/11/01,1/3/85
1250,2055-12-28,2060-01-05,27/11/01,11/1/83
1251,1973-12-26,1974-05-22,27/11/01,10/2/00
1252,2064-02-18,2068-07-05,27/11/02,23/12/93
1253,1971-09-20,1976-02-20,27/11/02,26/7/97
1254,1971-05-22,1981-07-07,27/11/02,8/9/01
1255,1978-05-01,1977-06-04,27/12/12,8/1/11
1256,2055-04-19,2060-08-20,28/1/02,2/8/86
1257,2067-05-21,2064-01-13,28/1/02,18/11/92
1258,2068-05-29,2066-11-09,28/1/03,10/9/88
1259,1977-01-25,1981-02-28,28/1/04,24/10/02
1260,2050-02-21,2053-01-17,28/1/04,23/12/74
1261,2068-01-17,1977-12-01,28/1/05,19/12/02
1262,2056-05-31,2060-03-02,28/1/05,3/3/00
1263,1978-12-14,1981-06-04,28/1/11,21/1/08
1264,1974-04-23,1978-04-14,28/2/02,28/4/00
1265,2059-10-15,1977-12-17,28/2/02,16/12/00
1266,2049-05-20,2055-06-20,28/3/03,19/7/75
1267,1973-02-14,1977-10-23,28/3/06,31/8/01
1268,1969-12-23,1979-03-15,28/4/04,16/8/96
1269,1973-11-24,1973-01-02,28/4/04,11/8/94
1270,2055-09-14,2058-06-15,28/4/04,13/3/78
1271,2053-03-24,2058-01-16,28/4/11,26/8/78
1272,1975-06-21,1972-02-10,28/5/01,22/3/95
1273,2058-01-06,2061-06-05,28/5/02,19/1/85
1274,2066-04-13,2068-07-12,28/5/02,3/12/94
1275,2050-10-10,2057-06-21,28/5/03,10/11/79
1276,2068-08-05,1974-07-19,28/5/04,19/2/01
1277,1978-12-22,1974-07-12,28/5/04,11/4/96
1278,1980-08-21,1982-10-05,28/5/07,7/8/06
1279,2067-07-02,1979-12-19,28/5/10,30/6/01
1280,2067-12-12,1972-06-03,28/6/00,19/6/98
1281,2059-02-12,2052-04-13,28/6/01,26/8/78
1282,2062-03-17,2067-07-18,28/6/02,20/3/86
1283,2066-01-04,2068-11-18,28/6/02,10/10/88
1284,2027-11-04,2027-11-22,28/6/02,15/2/74
1285,2064-02-25,1977-10-15,28/6/02,29/7/00
1286,1977-01-10,1978-09-15,28/8/00,10/1/96
1287,1977-02-13,1977-12-14,28/8/02,21/7/95
1288,1971-03-31,1969-01-13,28/9/00,26/12/96
1289,2059-05-15,1972-10-11,28/9/04,2/4/90
1290,1972-06-05,1981-02-01,28/9/09,8/8/08
1291,1983-07-09,1982-05-29,28/9/11,23/1/10
1292,1985-07-05,1984-04-11,28/10/09,11/2/08
1293,2061-11-14,1973-08-20,28/10/10,15/2/07
1294,1973-04-12,1975-06-06,28/10/10,6/2/04
1295,1982-03-01,1977-10-28,28/10/13,3/2/12
1296,2042-07-05,2047-10-24,28/11/03,2/4/88
1297,2057-11-27,2058-12-01,28/11/03,31/7/81
1298,2047-06-17,2054-08-13,28/12/01,29/6/96
1299,1973-03-06,1980-05-07,28/12/07,26/7/02
1300,1973-11-16,1976-08-29,28/12/07,27/7/02
1301,1974-05-23,2067-07-28,29/1/01,21/1/84
1302,1972-10-25,1973-01-27,29/1/02,2/8/93
1303,2054-10-27,2063-01-20,29/1/02,11/12/87
1304,2061-04-21,2061-06-14,29/1/04,10/11/84
1305,2068-03-22,1973-07-27,29/1/07,1/2/02
1306,1973-12-03,2061-11-24,29/1/10,11/3/97
1307,1982-02-27,1981-08-12,29/2/08,6/5/05
1308,1977-06-09,1978-04-05,29/3/01,20/11/97
1309,2061-11-12,2063-08-03,29/4/03,15/5/87
1310,2066-07-06,1970-01-31,29/4/03,18/12/93
1311,1972-11-25,1974-10-26,29/4/03,24/1/98
1312,1974-10-31,1976-01-27,29/4/04,26/5/95
1313,1977-07-28,1975-04-10,29/4/08,4/5/01
1314,1979-03-03,1980-01-24,29/4/09,15/12/05
1315,2062-11-12,2064-04-27,29/5/01,22/11/85
1316,2065-10-01,1969-08-17,29/5/01,27/6/92
1317,2050-08-13,2053-10-26,29/5/02,23/10/76
1318,2055-02-25,2060-11-02,29/5/02,3/4/82
1319,2058-06-07,2056-03-17,29/5/02,24/2/90
1320,2057-11-19,2062-10-05,29/5/03,3/6/87
1322,2040-02-28,2051-03-01,29/5/03,19/12/86
1323,1976-02-12,1976-08-24,29/6/01,17/1/97
1324,1973-09-26,1977-11-05,29/6/04,29/9/01
1325,1972-10-08,1973-06-24,29/6/04,24/4/96
1326,2067-06-23,1974-07-21,29/6/04,25/1/99
1327,2051-09-04,2054-08-03,29/6/04,1/11/72
1328,1983-07-15,1988-02-11,29/6/11,6/9/08
1329,2065-12-20,2066-04-24,29/7/02,9/3/91
1330,2058-07-21,2062-12-16,29/7/03,26/3/83
1331,1980-01-24,1982-06-07,29/7/03,27/4/98
1332,1975-12-24,1979-08-22,29/7/04,16/12/99
1333,1972-08-10,1974-02-04,29/7/04,17/1/91
1334,1973-10-08,2059-09-26,29/7/11,1/10/09
1335,2050-03-24,2054-05-11,29/8/00,18/9/72
1336,2062-05-01,2061-08-21,29/9/03,6/11/85
1337,2058-03-29,2066-10-19,29/9/04,8/4/95
1338,1971-11-23,1980-07-20,29/9/05,24/5/02
1339,1972-08-03,1984-02-13,29/9/05,2/5/03
1340,1975-11-03,1982-07-28,29/9/08,13/10/03
1341,1969-06-25,1971-08-11,29/10/01,18/6/94
1342,2063-07-11,2059-05-13,29/10/02,10/6/88
1343,1979-09-02,1982-07-02,29/10/03,24/5/01
1344,1971-08-10,1974-10-21,29/10/03,10/5/96
1345,1972-12-21,1978-03-20,29/10/07,5/12/03
1346,1980-01-17,1984-04-06,29/10/10,2/8/05
1347,1978-08-09,1977-09-10,29/10/13,5/12/02
1348,1970-08-11,2066-09-05,29/11/01,23/4/94
1349,2063-05-26,2062-03-06,29/11/01,11/6/93
1350,2062-05-25,2060-06-02,29/11/02,9/12/89
1351,2053-03-20,2064-11-11,29/11/02,15/8/84
1352,2059-03-12,2058-11-15,29/11/02,26/10/84
1353,1978-12-16,1982-06-06,29/11/10,15/12/07
1354,2066-01-20,2067-12-03,30/1/01,22/8/92
1355,2067-06-03,1974-10-04,30/1/01,7/10/98
1356,1978-05-08,1977-12-26,30/1/01,31/7/99
1357,2053-06-15,2051-02-24,30/1/02,2/7/75
1358,1974-11-11,1973-11-20,30/1/02,14/2/98
1359,1973-06-16,1977-10-27,30/1/02,14/9/95
1360,1974-01-05,1975-07-12,30/1/03,16/8/96
1361,2059-07-27,1970-11-22,30/1/03,20/4/01
1362,2047-10-10,2042-03-05,30/1/04,7/8/71
1363,1973-07-04,1972-11-30,30/3/04,2/12/00
1364,1986-05-02,1987-01-28,30/3/09,10/12/07
1365,1983-10-22,1984-02-21,30/3/09,13/10/00
1366,1973-05-09,1970-11-01,30/3/10,27/5/05
1367,1984-02-24,1990-05-13,30/3/11,5/8/04
1368,2053-08-23,2054-01-29,30/4/02,17/11/77
1369,2046-03-08,2059-12-10,30/4/02,23/2/87
1370,2032-05-28,2058-06-10,30/4/04,14/5/82
1371,2061-11-06,2064-06-05,30/4/04,14/7/90
1372,1973-11-27,1971-08-26,30/4/04,27/9/97
1373,1974-08-23,1975-03-06,30/4/08,24/8/02
1374,2056-08-27,2061-03-05,30/4/14,17/8/12
1375,2061-09-02,2061-08-15,30/5/01,11/7/95
1376,2057-06-20,2064-04-05,30/5/01,26/6/85
1377,2067-09-20,1969-04-10,30/5/03,19/7/97
1378,2061-10-12,2061-10-16,30/5/03,20/1/89
1379,2066-10-31,2065-01-19,30/5/03,10/6/94
1380,1973-04-23,1978-03-16,30/5/13,8/3/08
1381,1973-12-28,1970-12-13,30/6/00,15/12/94
1382,2054-05-13,2064-05-21,30/6/03,15/4/91
1383,2057-01-30,2055-08-23,30/6/04,21/12/82
1384,2049-05-25,2034-08-20,30/6/10,10/4/81
1385,1969-05-28,2068-08-24,30/6/10,8/3/01
1386,1970-12-16,1970-09-28,30/7/01,31/8/96
1387,2045-06-11,2050-04-09,30/7/02,30/9/74
1388,1974-08-28,1973-02-24,30/7/02,8/8/98
1389,2067-03-06,1971-10-20,30/7/03,6/3/90
1390,2064-05-21,2064-02-27,30/7/08,27/12/91
1391,1975-09-25,1979-10-16,30/7/13,31/3/12
1392,1985-01-04,1987-12-03,30/7/13,28/12/11
1393,1982-12-14,1983-11-02,30/7/14,26/5/12
1394,2067-07-10,1973-04-05,30/8/01,19/12/89
1395,2063-10-19,1974-12-18,30/8/02,23/2/94
1396,1971-08-30,1969-03-06,30/8/02,3/4/98
1397,2050-01-27,2059-01-01,30/8/02,28/11/81
1398,1974-07-28,1978-04-13,30/8/05,13/12/02
1399,1983-09-08,1983-11-12,30/8/06,6/7/00
1400,1970-01-14,2059-01-27,30/10/00,30/7/99
1401,1979-08-02,2065-06-10,30/10/01,18/3/98
1402,1972-07-05,1977-05-10,30/10/01,11/5/96
1403,1969-09-17,1969-09-17,30/10/02,30/12/92
1404,2046-04-17,2051-05-15,30/10/03,4/12/71
1405,2068-02-08,1969-04-15,30/10/03,28/6/97
1406,1973-07-24,1978-01-25,30/10/03,17/8/02
1407,2066-05-19,1971-12-17,30/10/07,18/11/95
1408,2045-07-28,2059-02-25,30/11/01,1/8/81
1409,2045-09-14,2050-04-12,30/11/01,26/12/70
1411,1970-03-02,1973-05-10,30/11/09,22/12/06
1412,2063-10-17,2066-09-27,30/12/02,9/9/83
1413,1973-03-03,1974-03-26,30/12/03,10/6/93
1414,1975-09-13,1982-09-01,30/12/10,21/12/07
1415,2053-05-23,2064-06-19,31/1/02,6/7/91
1416,2064-03-13,2066-03-23,31/1/02,6/9/90
1417,2047-04-19,2052-01-18,31/1/02,11/11/83
1418,1973-04-18,1979-02-24,31/1/03,3/9/99
1419,2065-02-25,2067-04-23,31/1/03,29/4/86
1420,1974-04-05,1973-10-23,31/1/14,25/9/08
1421,1977-03-15,1974-02-24,31/3/03,25/10/96
1422,2068-01-22,2066-04-18,31/3/04,24/11/89
1423,2066-06-23,2068-11-10,31/3/04,18/7/88
1424,1979-08-23,1980-09-02,31/3/05,28/3/00
1425,1972-08-09,1973-03-20,31/5/05,27/12/01
1426,1984-08-20,1984-05-07,31/5/05,14/7/03
1427,2053-04-22,2053-09-22,31/7/00,20/10/79
1428,2048-05-17,2049-05-06,31/7/01,26/1/74
1429,1974-05-26,1972-01-18,31/7/01,11/2/00
1430,2051-11-02,2052-10-04,31/7/03,15/3/76
1431,2053-11-26,2063-12-06,31/8/00,30/5/97
1432,1974-07-05,1975-09-21,31/8/00,28/12/98
1433,2059-12-30,2068-11-30,31/8/00,19/8/89
1434,1978-11-10,1978-04-16,31/8/01,4/1/99
1436,1975-01-31,2068-12-15,31/8/05,14/7/93
1437,2062-11-20,2065-10-08,31/10/01,16/12/88
1438,2053-01-19,2056-12-20,31/10/01,19/8/78
1439,1978-11-28,1975-12-26,31/10/01,17/12/98
1440,2058-07-04,2058-03-26,31/10/01,30/4/88
1441,2051-08-18,2066-06-01,31/10/02,26/7/96
1442,2051-10-27,2067-07-26,31/10/02,24/12/83
1443,1976-08-11,1974-11-06,31/10/03,20/2/00
1444,2066-12-15,1974-07-15,31/10/03,15/12/98
1445,1977-10-29,1978-01-12,31/10/12,25/10/08
